Height,Weight,Gender
73.84701702,241.8935632,Male
68.78190405,162.3104725,Male
74.11010539,212.7408556,Female
71.7309784,220.0424703,Male
69.88179586,206.3498006,Female
67.25301569,152.2121558,Female
68.78508125,183.9278886,Male
68.34851551,167.9711105,Male
67.01894966,175.9294404,Male
63.45649398,156.3996764,Male
71.19538228,186.6049256,Male
71.64080512,213.7411695,Female
64.76632913,167.1274611,Male
69.2830701,189.4461814,Male
69.24373223,186.434168,Male
